{"behavior":[5,2,4],"gesture":[{"x":[-0.11576898396015167,-0.13476651906967164,0.33826392889022829,0.12602993845939637,-0.2165578007698059,-0.036242250353097919],"y":[-0.0003559589385986328,-0.3310664892196655,-0.12902575731277467,0.3326447606086731,0.09958219528198242,-0.00914919376373291],"z":[-0.04118317365646362,-0.015924394130706788,0.0937570333480835,-0.013579010963439942,-0.06763821840286255,-0.020416557788848878]},{"x":[0.015386913903057576,0.007992101833224297],"y":[0.21186527609825135,0.1029585599899292],"z":[-0.0007286568870767951,-0.06805381178855896]},{"x":[0.010878360830247403,-0.0038073062896728517],"y":[-0.10611053556203842,-0.20535904169082642],"z":[-0.05840463191270828,-0.012592315673828125]}]}